{
    "recall": 0.23496993987975953,
    "accuracy": 0.9050783435926133,
    "precision": 0.2832125603864734,
    "loss": 0.4437001411612255,
    "f1score": 0.2568455640744798
}