{
    "f1score": 0.726027397260274,
    "precision": 0.6666666666666666,
    "recall": 0.7969924812030075,
    "loss": 1.1185044324434044,
    "accuracy": 0.8148148148148148
}