{
    "f1score": 0.7432950191570881,
    "precision": 0.7578125,
    "recall": 0.7293233082706767,
    "loss": 0.6705646683824145,
    "accuracy": 0.8449074074074074
}