{
    "NER f1": 0.4387216063127537,
    "loss": 0.26477685088722946,
    "Term f1": 0.4510410224695939,
    "Term precision": 0.37920277296360483,
    "NER precision": 0.4767097386712319,
    "Term recall": 0.5564598168870803,
    "NER recall": 0.4716280282244209,
    "Term accuracy": 0.2911897790790524,
    "NER accuracy": 0.9404046806010324
}