{
    "f1score": 0.13013302486986697,
    "recall": 0.11289513296537883,
    "accuracy": 0.8946188340807175,
    "loss": 0.7289851236370112,
    "precision": 0.15358361774744028
}