{
    "f1score": 0.9415041782729805,
    "precision": 0.9712643678160919,
    "loss": 0.21890851482748985,
    "accuracy": 0.953125,
    "recall": 0.9135135135135135
}