{
    "f1score": 0.9649595687331537,
    "precision": 0.9623655913978495,
    "loss": 0.14394410473427602,
    "accuracy": 0.9709821428571429,
    "recall": 0.9675675675675676
}