{
    "NER f1": 0.4459399119710031,
    "loss": 0.3508249252442262,
    "Term f1": 0.44788732394366193,
    "Term precision": 0.3705059920106525,
    "NER precision": 0.4750029620171516,
    "Term recall": 0.5661241098677517,
    "NER recall": 0.48421582576725725,
    "Term accuracy": 0.2885662431941924,
    "NER accuracy": 0.9403553022240502
}