{
    "Term f1": 0.43234185169669037,
    "NER f1": 0.44111053492900265,
    "NER recall": 0.4290601382148009,
    "NER precision": 0.511651435461311,
    "Term precision": 0.3663471778487753,
    "NER accuracy": 0.9423985344769665,
    "Term accuracy": 0.2757883484767504,
    "loss": 0.27764447166733675,
    "Term recall": 0.5273377618804292
}