{
    "recall": 0.4033066132264529,
    "f1score": 0.4473464851347596,
    "loss": 0.23398768591145225,
    "precision": 0.5021834061135371,
    "accuracy": 0.9304350867375489
}