{
    "f1score": 0.6442083441306037,
    "recall": 0.6150420583869372,
    "accuracy": 0.9168080465341736,
    "precision": 0.676278563656148,
    "loss": 0.2672805368893076
}