{
    "f1score": 0.6386243386243386,
    "recall": 0.5972290945076695,
    "accuracy": 0.9172321861366941,
    "precision": 0.6861853325753269,
    "loss": 0.3247075314487733
}