{
    "f1score": 0.9202503217289625,
    "accuracy": 0.9397321428571429,
    "loss": 0.3105828841882093,
    "precision": 0.9533206182611956,
    "recall": 0.8936183643942266
}