{
    "f1score": 0.9169359278735006,
    "accuracy": 0.9352678571428571,
    "loss": 0.30837501691920416,
    "precision": 0.9241707050713263,
    "recall": 0.9133336491095111
}