{
    "accuracy": 0.9385593220338984,
    "f1score": NaN,
    "recall": NaN,
    "loss": 0.3465904329824313,
    "precision": NaN
}