{
    "NER Accuracy": 0.9363198840467009,
    "NER F1": 0.4071652883144923,
    "NER Precision": 0.44906376607111465,
    "NER Recall": 0.4291922353774066,
    "loss": 0.6712659689549246,
    "Term Accuracy": 0.26887417218543047,
    "Term F1": 0.4237995824634655,
    "Term Precision": 0.3596739900779589,
    "Term Recall": 0.5157520325203252
}