{
    "precision": 0.42259145392948205,
    "loss": 0.857540562748909,
    "f1score": 0.38303716244990166,
    "accuracy": 0.8969520246478874,
    "recall": 0.36290756720350537
}