{
    "precision": 0.48442238246450514,
    "loss": 0.2782673029832437,
    "f1score": 0.45475058140124436,
    "accuracy": 0.9060849471830986,
    "recall": 0.44597120718566885
}