{
    "recall": 0.6075697211155379,
    "f1score": 0.5941076211346482,
    "loss": 0.25564216778899906,
    "precision": 0.5812291567413054,
    "accuracy": 0.8986502918287937
}