{
    "recall": 0.5592629482071713,
    "f1score": 0.5859639968692929,
    "loss": 0.330087389003355,
    "precision": 0.6153424657534247,
    "accuracy": 0.9035141050583657
}