{
    "precision": 0.3888,
    "loss": 0.23437935420449807,
    "accuracy": 0.9155689461883408,
    "f1score": 0.3769389865563599,
    "recall": 0.3657802308078274
}