{
    "NER recall": 0.45401920080682495,
    "Term recall": 0.525940996948118,
    "Term f1": 0.45005440696409144,
    "Term precision": 0.39330543933054396,
    "NER accuracy": 0.9425593407930992,
    "Term accuracy": 0.29036787419264254,
    "NER f1": 0.43691951559289144,
    "NER precision": 0.4935344463624712,
    "loss": 0.5170887993229081
}