{
    "NER recall": 0.45182260355542025,
    "Term recall": 0.5279755849440488,
    "Term f1": 0.4471247038552659,
    "Term precision": 0.38774747852073216,
    "NER accuracy": 0.9417116050261577,
    "Term accuracy": 0.2879334257975035,
    "NER f1": 0.43400918277685774,
    "NER precision": 0.48987363299559816,
    "loss": 0.5297791562010465
}