{
    "NER accuracy": 0.9415153550787683,
    "loss": 0.1874385996288326,
    "NER recall": 0.4350373502174429,
    "NER f1": 0.42071456738409413,
    "Term precision": 0.35812964930924546,
    "Term f1": 0.4222175819586552,
    "NER precision": 0.4868559732745758,
    "Term recall": 0.5142421159715158,
    "Term accuracy": 0.2676019057702488
}