{
    "accuracy": 0.9819915254237288,
    "recall": 0.9895833333333334,
    "loss": 0.1098607677948598,
    "f1score": 0.9781209781209781,
    "precision": 0.9669211195928753
}