{
    "precision": 0.26497695852534564,
    "loss": 0.5573410927505819,
    "recall": 0.11523046092184369,
    "f1score": 0.16061452513966482,
    "accuracy": 0.9159205372132065
}