{
    "accuracy": 0.9777542372881356,
    "recall": 0.9869791666666666,
    "loss": 0.14614934155592196,
    "f1score": 0.9730423620025673,
    "precision": 0.959493670886076
}