{
    "NER accuracy": 0.9375438531438156,
    "NER recall": 0.4613029628154348,
    "Term recall": 0.5914634146341463,
    "loss": 0.562464646359184,
    "Term f1": 0.4424173318129989,
    "Term precision": 0.3533697632058288,
    "NER f1": 0.4374593388685245,
    "Term accuracy": 0.2840409956076135,
    "NER precision": 0.48239333295821907
}