{
    "Term accuracy": 0.2693986420950533,
    "NER recall": 0.45664943185285123,
    "NER precision": 0.4661487383233545,
    "NER accuracy": 0.9362692287701411,
    "Term recall": 0.5645325203252033,
    "Term precision": 0.3400673400673401,
    "NER f1": 0.43057750600559985,
    "Term f1": 0.424450811843362,
    "loss": 0.4005791490646377
}