{
    "Term accuracy": 0.28297055057618437,
    "NER recall": 0.45581081131353296,
    "NER precision": 0.47456120656006057,
    "NER accuracy": 0.9369587720242896,
    "Term recall": 0.5614837398373984,
    "Term precision": 0.36324786324786323,
    "NER f1": 0.432434438140789,
    "Term f1": 0.4411177644710579,
    "loss": 0.27194758176815204
}