{
    "accuracy": 0.975635593220339,
    "recall": 0.9869791666666666,
    "precision": 0.9546599496221663,
    "f1score": 0.970550576184379,
    "loss": 0.1103209944194532
}