{
    "precision": 0.3006993006993007,
    "accuracy": 0.9202224398433129,
    "f1score": 0.15861305791220948,
    "loss": 0.5795142004565701,
    "recall": 0.10771543086172344
}