{
    "accuracy": 0.9851694915254238,
    "recall": 0.984375,
    "precision": 0.9792746113989638,
    "f1score": 0.9818181818181819,
    "loss": 0.07799181210331449
}