{
    "Term recall": 0.5863821138211383,
    "loss": 0.4951804606120566,
    "NER accuracy": 0.9362604223889806,
    "Term f1": 0.4335086401202104,
    "Term accuracy": 0.2767386091127098,
    "Term precision": 0.3438617401668653,
    "NER recall": 0.45534879339659523,
    "NER precision": 0.46897263380002746,
    "NER f1": 0.43018411418568
}