{
    "Term recall": 0.5736788617886179,
    "loss": 0.2625092204750188,
    "NER accuracy": 0.9361221870882322,
    "Term f1": 0.4380213385063046,
    "Term accuracy": 0.28042722305017387,
    "Term precision": 0.35425164731722625,
    "NER recall": 0.46173201824298615,
    "NER precision": 0.4680593546576525,
    "NER f1": 0.4318005204519726
}