{
    "NER recall": 0.327488818784182,
    "Term accuracy": 0.2128055260361318,
    "Term recall": 0.4074262461851475,
    "NER precision": 0.47235152375060857,
    "NER f1": 0.34737515627649296,
    "Term precision": 0.3081954597922278,
    "NER accuracy": 0.9399987611504225,
    "loss": 0.2031193656015006,
    "Term f1": 0.35093099671412925
}