{
    "accuracy": 0.9154144449830344,
    "precision": 0.6959247648902821,
    "f1score": 0.6139380530973452,
    "loss": 0.2357689234095396,
    "recall": 0.5492330529440871
}