{
    "NER precision": 0.4833588609560657,
    "NER accuracy": 0.9383163977365696,
    "Term precision": 0.3550031867431485,
    "NER recall": 0.4688762797612047,
    "Term recall": 0.5660569105691057,
    "loss": 0.46611877149573455,
    "Term accuracy": 0.2790581162324649,
    "NER f1": 0.44306332867824594,
    "Term f1": 0.43634939287113195
}