{
    "NER precision": 0.48691395266927473,
    "NER accuracy": 0.9376200933776982,
    "Term precision": 0.36199540531670493,
    "NER recall": 0.4618302303835139,
    "Term recall": 0.5604674796747967,
    "loss": 0.362758789766095,
    "Term accuracy": 0.2819529652351738,
    "NER f1": 0.4370068149407825,
    "Term f1": 0.4398803589232303
}