{
    "f1score": 0.44972471747319614,
    "recall": 0.38877755511022044,
    "loss": 0.20839665013781858,
    "precision": 0.5333333333333333,
    "accuracy": 0.933582820369334
}