{
    "precision": 0.6966019417475728,
    "accuracy": 0.9168080465341736,
    "f1score": 0.6257835922594712,
    "loss": 0.26724945777062,
    "recall": 0.5680356259277586
}