{
    "precision": 0.687170474516696,
    "accuracy": 0.9162627241880756,
    "f1score": 0.6292918454935622,
    "loss": 0.25538539306508484,
    "recall": 0.5804057397328055
}