{
    "NER accuracy": 0.9360445911968368,
    "NER precision": 0.47855719520290757,
    "NER recall": 0.47908118688602486,
    "Term accuracy": 0.2967854472962871,
    "Term recall": 0.6051829268292683,
    "Term precision": 0.3680469715698393,
    "loss": 0.2639304873731716,
    "Term f1": 0.4577248270561107,
    "NER f1": 0.44321069298335264
}