{
    "NER accuracy": 0.9375000565583862,
    "NER precision": 0.4841682725884805,
    "NER recall": 0.4729481170297525,
    "Term accuracy": 0.29171640009548816,
    "Term recall": 0.6209349593495935,
    "Term precision": 0.35492303223932614,
    "loss": 0.44908414594538726,
    "Term f1": 0.4516725189428941,
    "NER f1": 0.4438774514425096
}