{
    "f1score": 0.8210438971257183,
    "loss": 0.8423706712546172,
    "accuracy": 0.7546296296296297,
    "recall": 0.8429537540648652,
    "precision": 0.8120728037394704
}