{
    "f1score": 0.7617988882946781,
    "loss": 1.8676136235396068,
    "accuracy": 0.6898148148148148,
    "recall": 0.7425753259086592,
    "precision": 0.799810785921897
}