{
    "f1score": 0.1570489408327246,
    "accuracy": 0.9192781197537773,
    "recall": 0.10771543086172344,
    "loss": 0.4935869852663311,
    "precision": 0.28975741239892183
}