{
    "f1score": 0.5893719806763285,
    "accuracy": 0.8032407407407407,
    "precision": 0.8243243243243243,
    "recall": 0.45864661654135336,
    "loss": 1.2053103778873466
}