{
    "f1score": 0.7443609022556391,
    "accuracy": 0.8425925925925926,
    "precision": 0.7443609022556391,
    "recall": 0.7443609022556391,
    "loss": 0.8240281920190211
}