{
    "accuracy": 0.8823796866256296,
    "loss": 0.5978003315919819,
    "recall": 0.2935871743486974,
    "f1score": 0.25843439911797134,
    "precision": 0.23079952737298148
}