{
    "NER precision": 0.4823588247565118,
    "Term precision": 0.3813242784380306,
    "NER accuracy": 0.9373896766272998,
    "loss": 0.33945001033152905,
    "NER recall": 0.45762154840353525,
    "Term f1": 0.457154488092815,
    "Term accuracy": 0.2963060686015831,
    "NER f1": 0.43276538373317924,
    "Term recall": 0.570630081300813
}