{
    "NER precision": 0.4775524883450095,
    "Term precision": 0.3510853835021708,
    "NER accuracy": 0.9369350531791024,
    "loss": 0.43050118034018825,
    "NER recall": 0.47427623552872045,
    "Term f1": 0.4473538631753642,
    "Term accuracy": 0.28812351543942993,
    "NER f1": 0.44333495534483547,
    "Term recall": 0.6163617886178862
}