{
    "precision": 0.10904902086266478,
    "recall": 0.42749623682890114,
    "f1score": 0.17377116051397104,
    "loss": 0.9686537995734023,
    "accuracy": 0.7161575112107623
}