{
    "accuracy": 0.7019230769230769,
    "f1score": 0.5393554376903414,
    "recall": 0.5962439270131576,
    "loss": 1.3767840770574717,
    "precision": 0.5189489997182305
}