{
    "precision": 0.4791666666666667,
    "f1score": 0.5935483870967743,
    "accuracy": 0.671875,
    "loss": 1.3473715980847676,
    "recall": 0.7796610169491526
}