{
    "precision": 0.5223880597014925,
    "f1score": 0.5555555555555555,
    "accuracy": 0.7083333333333334,
    "loss": 1.7063768307367961,
    "recall": 0.5932203389830508
}