{
    "accuracy": 0.7043269230769231,
    "f1score": 0.5310114597405567,
    "recall": 0.5871816217970065,
    "loss": 1.6084235035456145,
    "precision": 0.5110648966418196
}