{
    "NER recall": 0.46732737989739037,
    "NER precision": 0.47055281569798046,
    "NER f1": 0.43498107058858365,
    "NER accuracy": 0.9357899870980326,
    "Term accuracy": 0.2775800711743772,
    "loss": 0.47495269787585653,
    "Term f1": 0.4345403899721449,
    "Term precision": 0.3424056189640035,
    "Term recall": 0.5945121951219512
}