{
    "NER recall": 0.46854936579086043,
    "NER precision": 0.47974556591110373,
    "NER f1": 0.43869482894424583,
    "NER accuracy": 0.9366622339512681,
    "Term accuracy": 0.29327170005136105,
    "loss": 0.27375732869525393,
    "Term f1": 0.4535345512311359,
    "Term precision": 0.37222946544980445,
    "Term recall": 0.5802845528455285
}