{
    "accuracy": 0.8847884241245136,
    "precision": 0.5325273459988485,
    "recall": 0.46065737051792827,
    "loss": 0.5207914753095881,
    "f1score": 0.49399198931909205
}