{
    "accuracy": 0.8849100194552529,
    "precision": 0.5411007862759114,
    "recall": 0.37699203187250996,
    "loss": 0.6703556211962426,
    "f1score": 0.44437921925447604
}