{
    "accuracy": 0.9416596756152126,
    "f1score": 0.969239341433833,
    "recall": 0.9650536193909096,
    "loss": 0.1723184503814918,
    "precision": 0.9744159331425306
}