{
    "f1score": 0.30089285714285713,
    "precision": 0.2710092480900684,
    "accuracy": 0.89027466367713,
    "loss": 0.4882869333062204,
    "recall": 0.3381836427496237
}