{
    "accuracy": 0.9009101941747573,
    "loss": 0.25883935993012874,
    "precision": 0.9208892555107593,
    "recall": 0.9706637856811546,
    "f1score": 0.9440095899077071
}