{
    "accuracy": 0.8869538834951456,
    "loss": 0.4727751602075126,
    "precision": 0.9240529544863595,
    "recall": 0.9497315550781694,
    "f1score": 0.9354102039450772
}