{
    "loss": 0.21557422368055895,
    "f1score": 0.6551468773142434,
    "accuracy": 0.9153538536112458,
    "precision": 0.6536945812807882,
    "recall": 0.6566056407718951
}