{
    "loss": 0.3621009397847295,
    "f1score": 0.6316529894490034,
    "accuracy": 0.9048109549200194,
    "precision": 0.6002673796791443,
    "recall": 0.6665017318159328
}