{
    "accuracy": 0.9254336877448237,
    "recall": 0.4228456913827655,
    "precision": 0.46271929824561403,
    "loss": 0.19799858504462917,
    "f1score": 0.4418848167539267
}