{
    "NER precision": 0.46431917298121217,
    "loss": 0.25281590996389963,
    "NER recall": 0.48482895889421856,
    "Term precision": 0.3641732283464567,
    "Term recall": 0.5645981688708036,
    "Term f1": 0.4427602712405265,
    "NER accuracy": 0.9388263582241563,
    "NER f1": 0.43993514897265296,
    "Term accuracy": 0.2843237704918033
}