{
    "NER precision": 0.46194816061897315,
    "loss": 0.22694909833342602,
    "NER recall": 0.476263581623355,
    "Term precision": 0.36712150747238464,
    "Term recall": 0.5747711088504578,
    "Term f1": 0.4480570975416336,
    "NER accuracy": 0.9390806314594374,
    "NER f1": 0.43528261430274456,
    "Term accuracy": 0.28870720490546753
}