{
    "NER f1": 0.45126147733751776,
    "Term recall": 0.5406234031681144,
    "loss": 0.28307264007207805,
    "Term precision": 0.35695006747638325,
    "NER accuracy": 0.9439459007688407,
    "NER recall": 0.4338173911083461,
    "Term f1": 0.42999390367811413,
    "NER precision": 0.532866434962078,
    "Term accuracy": 0.27388040383121925
}