{
    "NER accuracy": 0.941115066582256,
    "Term f1": 0.454096742349457,
    "NER recall": 0.4816155762372978,
    "loss": 0.3147351964161276,
    "NER f1": 0.45059240044123255,
    "Term accuracy": 0.2937420178799489,
    "Term recall": 0.5849440488301119,
    "NER precision": 0.4951953681999814,
    "Term precision": 0.37108744756373024
}