{
    "NER accuracy": 0.9420303499328708,
    "Term f1": 0.4600445073841796,
    "NER recall": 0.47514214217773854,
    "loss": 0.2623715248040199,
    "NER f1": 0.4493491400298537,
    "Term accuracy": 0.29873883342091434,
    "Term recall": 0.5783316378433367,
    "NER precision": 0.5028591157109875,
    "Term precision": 0.3819281155525697
}