{
    "precision": 0.45417633410672853,
    "f1score": 0.42096774193548386,
    "accuracy": 0.924664241745943,
    "recall": 0.39228456913827653,
    "loss": 0.30476643616315624
}