{
    "loss": 0.25622793050377596,
    "accuracy": 0.9274972020145495,
    "recall": 0.43587174348697394,
    "f1score": 0.4563335955940204,
    "precision": 0.47881122729774356
}