{
    "f1score": 0.64946128789777,
    "precision": 0.6578680203045685,
    "recall": 0.6412666996536368,
    "accuracy": 0.9152326708676685,
    "loss": 0.29036535808371433
}