{
    "f1score": 0.6253640455387873,
    "precision": 0.6725512528473804,
    "recall": 0.5843641761504206,
    "accuracy": 0.9142632089190499,
    "loss": 0.3522473949741733
}