{
    "Term Recall": 0.5203252032520326,
    "loss": 0.2158152515742759,
    "Term Precision": 0.3755042170883755,
    "NER F1": 0.3989516782448594,
    "NER Accuracy": 0.9364940214011697,
    "NER Precision": 0.44922786695507033,
    "Term F1": 0.4362087326943557,
    "NER Recall": 0.418664854941801,
    "Term Accuracy": 0.2789430672841188
}