{
    "NER Accuracy": 0.9181661426209041,
    "NER Precision": 0.5319834833770104,
    "Term Accuracy": 0.2506037027099544,
    "NER Recall": 0.3233493122543043,
    "Term Recall": 0.47628760836308004,
    "Term F1": 0.4007723664449689,
    "loss": 0.30831927132246195,
    "NER F1": 0.3790287989870409,
    "Term Precision": 0.3459259259259259
}