{
    "Term Recall": 0.5309959349593496,
    "loss": 0.22381157800645957,
    "Term Precision": 0.3660245183887916,
    "NER F1": 0.40448044232398717,
    "NER Accuracy": 0.9357001323042627,
    "NER Precision": 0.44218290855275294,
    "Term F1": 0.43334024466099935,
    "NER Recall": 0.4357201073558001,
    "Term Accuracy": 0.2766013763896241
}