{
    "f1score": 0.6044444444444445,
    "precision": 0.6355140186915887,
    "loss": 1.0301645795504253,
    "recall": 0.576271186440678,
    "accuracy": 0.7682291666666666
}