{
    "f1score": 0.6612244897959183,
    "precision": 0.6377952755905512,
    "loss": 0.9122720956802368,
    "recall": 0.6864406779661016,
    "accuracy": 0.7838541666666666
}