{
    "loss": 0.5675932030974482,
    "recall": 0.14701455092824886,
    "precision": 0.1631403118040089,
    "accuracy": 0.8877872757847534,
    "f1score": 0.15465822116653466
}