{
    "Term accuracy": 0.2810410697230181,
    "loss": 0.5768600884049736,
    "NER precision": 0.46591706937119526,
    "Term precision": 0.34648219016779513,
    "NER accuracy": 0.9357177249509233,
    "Term f1": 0.43876980428704565,
    "NER f1": 0.4404698907907272,
    "NER recall": 0.478090872629958,
    "Term recall": 0.5980691056910569
}