{
    "NER Accuracy": 0.9144501516579474,
    "NER F1": 0.36801739673835215,
    "NER Precision": 0.5162845270767554,
    "Term Precision": 0.3416395810762008,
    "Term Recall": 0.4824069352371239,
    "NER Recall": 0.3130548366006763,
    "loss": 0.9480487860372682,
    "Term F1": 0.39999999999999997,
    "Term Accuracy": 0.25
}