{
    "NER Precision": 0.4848034249086243,
    "NER F1": 0.4355599368272158,
    "NER Recall": 0.458398196445829,
    "Term Precision": 0.38133601879825446,
    "Term Accuracy": 0.29808449225924954,
    "NER Accuracy": 0.9380521209137597,
    "loss": 0.33338676728395306,
    "Term Recall": 0.5772357723577236,
    "Term F1": 0.4592682433798262
}