{
    "NER Precision": 0.47945285972584534,
    "NER F1": 0.43532060456545285,
    "NER Recall": 0.4607188677348028,
    "Term Precision": 0.36392009987515606,
    "Term Accuracy": 0.291063404892661,
    "NER Accuracy": 0.9373100330848769,
    "loss": 0.49127089690681275,
    "Term Recall": 0.592479674796748,
    "Term F1": 0.4508894044856922
}