{
    "f1score": 0.6116207951070338,
    "precision": 0.6979695431472082,
    "accuracy": 0.9153538536112458,
    "loss": 0.23701130532602258,
    "recall": 0.5442850074220683
}