{
    "recall": 0.6007287868432288,
    "loss": 0.22444524364152424,
    "f1score": 0.44194186608198677,
    "precision": 0.3568529556128176,
    "accuracy": 0.8650968309859155
}