{
    "NER Precision": 0.43063120950054795,
    "NER Accuracy": 0.9336782900526889,
    "NER Recall": 0.4325189210306491,
    "Term Precision": 0.28697293895531784,
    "Term Accuracy": 0.2153991497401984,
    "Term F1": 0.354450058297707,
    "NER F1": 0.40036649798705487,
    "Term Recall": 0.4634146341463415,
    "loss": 0.3571159802368151
}