{
    "NER Precision": 0.4271975672002508,
    "NER Accuracy": 0.9329566676927206,
    "NER Recall": 0.4413982061630785,
    "Term Precision": 0.28291488058787506,
    "Term Accuracy": 0.21438515081206497,
    "Term F1": 0.3530760412686282,
    "NER F1": 0.40397434676961663,
    "Term Recall": 0.4695121951219512,
    "loss": 0.3677474052436138
}