{
    "Term precision": 0.3092717356432467,
    "NER recall": 0.44224359838232924,
    "Term recall": 0.4903357070193286,
    "NER precision": 0.4450869658202736,
    "Term accuracy": 0.23403738771546492,
    "NER accuracy": 0.9371178679001091,
    "loss": 0.5137418904432494,
    "Term f1": 0.3793035608892386,
    "NER f1": 0.41404695280532894
}