{
    "Term f1": 0.34004989445403955,
    "NER f1": 0.4134139997498455,
    "Term precision": 0.272280270436386,
    "NER precision": 0.4755001401002963,
    "Term accuracy": 0.20485549132947978,
    "NER recall": 0.40208391636387725,
    "NER accuracy": 0.9388042445928627,
    "loss": 0.38972443764242026,
    "Term recall": 0.45273377618804295
}