{
    "Term precision": 0.32634833390587425,
    "NER recall": 0.44625030069544463,
    "Term recall": 0.4832146490335707,
    "NER precision": 0.4579416661602854,
    "Term accuracy": 0.24191494779730074,
    "NER accuracy": 0.9381868954174047,
    "loss": 0.3587385314478251,
    "Term f1": 0.3895837605085093,
    "NER f1": 0.4194901048794359
}