{
    "recall": 0.9155055728585139,
    "loss": 0.2828158761679741,
    "accuracy": 0.9407327586206896,
    "f1score": 0.9211004785020037,
    "precision": 0.9345487543309685
}