{
    "Term f1": 0.4212309429700734,
    "NER accuracy": 0.9363296315157715,
    "Term recall": 0.5685975609756098,
    "NER precision": 0.46804598899857985,
    "Term precision": 0.3345291479820628,
    "loss": 0.566551179108983,
    "NER recall": 0.4549359825309741,
    "NER f1": 0.4302253493727132,
    "Term accuracy": 0.26680972818311877
}