{
    "NER precision": 0.47211627398991934,
    "Term recall": 0.4878048780487805,
    "Term f1": 0.42524916943521596,
    "Term precision": 0.37691401648998824,
    "NER f1": 0.43079703395846797,
    "Term accuracy": 0.270042194092827,
    "loss": 40.53456456124179,
    "NER accuracy": 0.9380548639640057,
    "NER recall": 0.449546471965818
}