{
    "NER precision": 0.496837892375211,
    "Term recall": 0.46189024390243905,
    "Term f1": 0.4274629673171879,
    "Term precision": 0.3978118161925602,
    "NER f1": 0.4342603093482261,
    "Term accuracy": 0.27183014354066987,
    "loss": 42.62340717731931,
    "NER accuracy": 0.9402266665302386,
    "NER recall": 0.44379747202711156
}