{
    "loss": 0.45844777757105937,
    "NER precision": 0.47845224796892993,
    "NER recall": 0.47106799295735247,
    "NER f1": 0.4404249304826301,
    "Term f1": 0.4515389026954693,
    "Term recall": 0.6001016260162602,
    "Term accuracy": 0.29160493827160494,
    "NER accuracy": 0.9370239796653671,
    "Term precision": 0.36193686791296353
}