{
    "loss": 0.34157152859231316,
    "NER precision": 0.48135066831079304,
    "NER recall": 0.46828215560238673,
    "NER f1": 0.43842000596488595,
    "Term f1": 0.46362367948973493,
    "Term recall": 0.5909552845528455,
    "Term accuracy": 0.30176440062272963,
    "NER accuracy": 0.9367826258320087,
    "Term precision": 0.381436536569367
}