{
    "recall": 0.9008353399941675,
    "precision": 0.9390515413218677,
    "f1score": 0.9190613202055361,
    "loss": 0.25960202727999004,
    "accuracy": 0.9363839285714286
}