{
    "recall": 0.9143902438716521,
    "precision": 0.9341656659375351,
    "f1score": 0.9237289782850143,
    "loss": 0.20626739306109293,
    "accuracy": 0.9397321428571429
}