{
    "accuracy": 0.9089311682016481,
    "f1score": 0.3910971077718533,
    "loss": 0.3643280339740204,
    "recall": 0.40976732913233155,
    "precision": 0.4045645500080788
}