{
    "loss": 0.39246553823397184,
    "accuracy": 0.9195928931169558,
    "precision": 0.169861033389293,
    "recall": 0.16818224211900765,
    "f1score": 0.16234577770671782
}