{
    "accuracy": 0.9131725642268541,
    "f1score": 0.3712662250228901,
    "loss": 0.4161967300124985,
    "recall": 0.3811682016480853,
    "precision": 0.3908951365325578
}