{
    "accuracy": 0.9182988248461108,
    "precision": 0.1847183361313188,
    "recall": 0.18471367282223464,
    "f1score": 0.1770598502411597,
    "loss": 0.33510027719618246
}