{
    "Term recall": 0.5068983137455289,
    "NER accuracy": 0.9432606449901874,
    "NER precision": 0.5211679123399654,
    "Term f1": 0.4278628423549709,
    "NER recall": 0.43068141620740763,
    "loss": 0.34811717718850044,
    "NER f1": 0.4450627523628751,
    "Term precision": 0.3701492537313433,
    "Term accuracy": 0.27215363511659807
}