{
    "Term recall": 0.5274669379450662,
    "Term accuracy": 0.282638321068411,
    "NER precision": 0.4729860364042232,
    "NER accuracy": 0.9402368285326407,
    "NER recall": 0.4694652471633482,
    "Term precision": 0.3784671532846715,
    "NER f1": 0.4366397569407669,
    "loss": 0.3371905877922,
    "Term f1": 0.44071398215044627
}