{
    "Term recall": 0.5483214649033571,
    "Term accuracy": 0.2808022922636103,
    "NER precision": 0.4705674029287892,
    "NER accuracy": 0.9397344173315162,
    "NER recall": 0.4696090052140305,
    "Term precision": 0.3652998983395459,
    "NER f1": 0.43567216542806236,
    "loss": 0.33948106380993975,
    "Term f1": 0.4384787472035794
}