{
    "NER precision": 0.474991648776966,
    "NER recall": 0.4782095211081778,
    "Term accuracy": 0.29462257005806614,
    "Term recall": 0.5929878048780488,
    "loss": 0.2777254726949699,
    "NER accuracy": 0.9366429520376383,
    "NER f1": 0.4426806604825297,
    "Term f1": 0.4551482059282372,
    "Term precision": 0.36930379746835446
}