{
    "NER precision": 0.46852873960859576,
    "NER recall": 0.4814173250250496,
    "Term accuracy": 0.2860736336611022,
    "Term recall": 0.635670731707317,
    "loss": 0.438858635186429,
    "NER accuracy": 0.935720193822389,
    "NER f1": 0.44398338438554497,
    "Term f1": 0.4448790896159317,
    "Term precision": 0.3421772428884026
}