{
    "Term Accuracy": 0.287603734439834,
    "Term Precision": 0.3700367033700367,
    "NER Precision": 0.44604493021657415,
    "NER Accuracy": 0.9351447518920929,
    "loss": 0.26275045157687377,
    "Term Recall": 0.5635162601626016,
    "Term F1": 0.4467270896273917,
    "NER F1": 0.42271259182369847,
    "NER Recall": 0.46788937729559815
}