{
    "Term Accuracy": 0.28453181583031556,
    "Term Precision": 0.3669112741827885,
    "NER Precision": 0.44391548690944843,
    "NER Accuracy": 0.9354363099237422,
    "loss": 0.26440364829388424,
    "Term Recall": 0.5589430894308943,
    "Term F1": 0.4430124848973016,
    "NER F1": 0.4216928806195752,
    "NER Recall": 0.46687161423793744
}