{
    "NER precision": 0.5318935645291544,
    "loss": 0.6753936579098573,
    "NER recall": 0.6269327181822814,
    "NER accuracy": 0.9156383090282229,
    "Term accuracy": 0.25654648956356735,
    "Term recall": 0.3434959349593496,
    "Term precision": 0.5033507073715562,
    "Term f1": 0.40833585019631535,
    "NER f1": 0.5622460603345839
}