{
    "NER precision": 0.5075822048952077,
    "loss": 0.29716856233976985,
    "NER recall": 0.6685649895019368,
    "NER accuracy": 0.9102382643918553,
    "Term accuracy": 0.2664411875234874,
    "Term recall": 0.36026422764227645,
    "Term precision": 0.5057061340941512,
    "Term f1": 0.4207715133531158,
    "NER f1": 0.5645747356140713
}