{
    "recall": 0.9332768623083024,
    "accuracy": 0.9407327586206896,
    "f1score": 0.9235574890271154,
    "precision": 0.9205889614104625,
    "loss": 0.2911008000955917
}