{
    "accuracy": 0.9352678571428571,
    "precision": 0.9615384615384616,
    "recall": 0.8783783783783784,
    "f1score": 0.9180790960451978,
    "loss": 0.3885011643703495
}