{
    "accuracy": 0.9497767857142857,
    "precision": 0.940379403794038,
    "recall": 0.9378378378378378,
    "f1score": 0.939106901217862,
    "loss": 0.2027772644401661
}