{
    "accuracy": 0.8932525224215246,
    "precision": 0.16043814432989692,
    "f1score": 0.1404795486600846,
    "loss": 0.5762633384944612,
    "recall": 0.1249372804816859
}