{
    "NER precision": 0.4647542647384119,
    "Term precision": 0.369957363069859,
    "loss": 0.24729945401596493,
    "Term accuracy": 0.2901980962181631,
    "NER f1": 0.43987439499685643,
    "NER recall": 0.48430132625833294,
    "NER accuracy": 0.939380320198908,
    "Term f1": 0.44985044865403795,
    "Term recall": 0.5737538148524923
}