{
    "NER precision": 0.4623325715809877,
    "Term precision": 0.36046511627906974,
    "loss": 0.25959746921993937,
    "Term accuracy": 0.28667833041739565,
    "NER f1": 0.4429685880445449,
    "NER recall": 0.49183402177600016,
    "NER accuracy": 0.9389157433072131,
    "Term f1": 0.4456099456099456,
    "Term recall": 0.5834181078331638
}