{
    "loss": 0.31413318694720116,
    "precision": 0.9154333895859319,
    "accuracy": 0.9311440677966102,
    "recall": 0.9208886687700246,
    "f1score": 0.9105838318975225
}