{
    "loss": 0.18961751725429954,
    "precision": 0.9457223567393058,
    "accuracy": 0.9438559322033898,
    "recall": 0.9192879154743561,
    "f1score": 0.9256290198988419
}