{
    "loss": 0.36095206304960586,
    "precision": NaN,
    "f1score": NaN,
    "accuracy": 0.9396186440677966,
    "recall": NaN
}