{
    "loss": 0.2688927311692939,
    "precision": NaN,
    "f1score": NaN,
    "accuracy": 0.9438559322033898,
    "recall": NaN
}