{
    "f1score": NaN,
    "recall": NaN,
    "precision": NaN,
    "loss": 0.22367683916043893,
    "accuracy": 0.9353813559322034
}