{
    "f1score": NaN,
    "recall": NaN,
    "precision": NaN,
    "loss": 0.502722810319086,
    "accuracy": 0.9194915254237288
}