{
    "loss": 0.4370547736953546,
    "Term recall": 0.5934959349593496,
    "NER precision": 0.4687493974133989,
    "NER f1": 0.43669160684531394,
    "NER accuracy": 0.9358476926072753,
    "Term accuracy": 0.2753418198962753,
    "NER recall": 0.4692580145361616,
    "Term precision": 0.33933759442184774,
    "Term f1": 0.4317929759704251
}