{
    "loss": 0.36601453406601236,
    "Term recall": 0.5248983739837398,
    "NER precision": 0.4916612896979759,
    "NER f1": 0.42021501991702576,
    "NER accuracy": 0.9387032080592155,
    "Term accuracy": 0.29446978335233753,
    "NER recall": 0.4271991548618758,
    "Term precision": 0.4014768752429071,
    "Term f1": 0.4549658665492182
}