{
    "NER Accuracy": 0.9372699072494508,
    "NER F1": 0.4072842499993632,
    "NER Precision": 0.4569695529100001,
    "NER Recall": 0.42510570319223906,
    "loss": 0.6462972575197105,
    "Term Accuracy": 0.2741159830268741,
    "Term F1": 0.4302841918294849,
    "Term Precision": 0.38209779179810727,
    "Term Recall": 0.4923780487804878
}