{
    "NER accuracy": 0.9411517377801544,
    "NER precision": 0.4830496837639861,
    "loss": 0.18806762696590074,
    "Term accuracy": 0.26462972553081304,
    "NER f1": 0.4217323482483955,
    "Term precision": 0.35023989033584646,
    "Term recall": 0.5198372329603256,
    "NER recall": 0.43787054074187015,
    "Term f1": 0.41850941850941853
}